customer_id,age,tenure_months,plan,monthly_spend,support_tickets,satisfaction_score,churned
C0000,22.0,97.0,basic,57.83,3,7.6,0
C0001,58.0,88.0,standard,122.52,1,8.8,0
C0002,52.0,67.0,basic,56.94,5,7.1,0
C0003,40.0,106.0,basic,65.02,1,9.3,0
C0004,40.0,16.0,standard,131.99,0,8.6,0
C0005,62.0,110.0,standard,81.85,1,8.7,0
C0006,22.0,102.0,premium,179.91,3,8.2,0
C0007,54.0,60.0,standard,116.2,0,9.4,0
C0008,28.0,88.0,standard,91.49,2,7.9,0
C0009,22.0,62.0,standard,101.89,1,9.1,0
C0010,45.0,32.0,standard,73.29,2,7.7,1
C0011,68.0,96.0,standard,136.2,0,10.0,0
C0012,56.0,30.0,standard,79.06,1,8.8,0
C0013,57.0,38.0,premium,168.55,0,8.9,0
C0014,55.0,62.0,standard,110.56,1,8.5,0
C0015,58.0,100.0,basic,707.13,1,8.7,0
C0016,44.0,46.0,standard,90.6,1,8.7,0
C0017,24.0,59.0,premium,200.47,2,8.3,0
C0018,61.0,5.0,basic,53.75,3,6.9,0
C0019,41.0,14.0,standard,99.68,0,8.5,0
C0020,44.0,7.0,premium,197.78,2,8.3,0
C0021,37.0,9.0,standard,86.93,1,8.6,0
C0022,27.0,104.0,premium,644.03,0,9.7,0
C0023,66.0,101.0,standard,111.8,3,8.0,0
C0024,58.0,98.0,standard,151.22,2,8.1,0
C0025,51.0,7.0,standard,104.95,3,7.5,0
C0026,38.0,10.0,premium,166.41,2,9.1,0
C0027,60.0,34.0,standard,83.26,0,9.6,0
C0028,46.0,68.0,standard,132.76,1,8.7,0
C0029,41.0,40.0,standard,64.23,0,9.0,0
C0030,41.0,59.0,standard,102.69,3,6.5,0
C0031,29.0,21.0,standard,110.76,4,7.3,0
C0032,22.0,87.0,standard,145.44,1,9.2,0
C0033,46.0,38.0,premium,155.66,3,7.5,0
C0034,64.0,8.0,standard,136.96,2,7.4,0
C0035,21.0,89.0,standard,108.43,6,5.7,1
C0036,62.0,108.0,standard,145.5,1,9.2,0
C0037,61.0,2.0,standard,93.43,6,5.7,1
C0038,32.0,52.0,standard,147.59,2,8.4,0
C0039,50.0,99.0,basic,80.79,3,7.9,0
C0040,,85.0,basic,66.31,0,9.8,0
C0041,57.0,102.0,standard,85.22,1,9.1,0
C0042,54.0,50.0,standard,,2,8.5,1
C0043,36.0,45.0,standard,122.56,3,6.7,0
C0044,21.0,85.0,basic,37.99,1,8.4,0
C0045,68.0,19.0,standard,124.8,0,8.9,0
C0046,41.0,29.0,basic,69.09,2,8.5,0
C0047,64.0,72.0,premium,195.13,0,10.0,0
C0048,53.0,80.0,premium,201.92,1,8.9,0
C0049,58.0,15.0,basic,80.68,2,7.7,0
C0050,57.0,61.0,  standard  ,82.53,1,8.0,0
C0051,28.0,44.0,basic,39.26,2,8.5,0
C0052,36.0,60.0,basic,73.86,1,8.5,0
C0053,42.0,115.0,basic,48.77,0,10.0,0
C0054,43.0,10.0,basic,76.78,4,6.6,1
C0055,20.0,119.0,standard,170.0,3,8.8,0
C0056,46.0,54.0,premium,227.41,1,9.2,0
C0057,26.0,92.0,basic,62.79,1,8.5,0
C0058,56.0,51.0,standard,125.55,3,7.7,0
C0059,53.0,38.0,standard,128.05,1,8.9,0
C0060,65.0,92.0,premium,192.18,3,7.9,0
C0061,56.0,82.0,standard,88.38,1,9.2,1
C0062,37.0,18.0,basic,66.68,0,9.4,0
C0063,68.0,84.0,standard,106.26,1,9.1,0
C0064,39.0,90.0,standard,79.28,0,9.4,0
C0065,34.0,47.0,premium,178.6,3,7.3,0
C0066,65.0,111.0,standard,154.95,1,9.0,0
C0067,37.0,77.0,standard,113.74,1,8.9,0
C0068,21.0,40.0,basic,26.47,3,6.8,1
C0069,42.0,2.0,standard,92.58,4,6.9,1
C0070,59.0,81.0,premium,119.81,1,9.0,0
C0071,27.0,25.0,standard,116.66,1,8.1,1
C0072,42.0,91.0,standard,82.6,3,7.7,0
C0073,24.0,63.0,premium,202.35,4,7.1,0
C0074,53.0,56.0,premium,153.85,0,10.0,0
C0075,42.0,20.0,standard,112.14,1,8.6,1
C0076,35.0,85.0,standard,130.36,1,9.3,0
C0077,29.0,20.0,standard,90.45,0,9.1,0
C0078,47.0,50.0,  standard  ,112.92,1,8.0,0
C0079,52.0,100.0,standard,144.58,2,8.7,0
C0080,66.0,110.0,basic,56.58,1,8.7,0
C0081,40.0,118.0,premium,188.13,1,9.1,0
C0082,26.0,115.0,premium,216.68,5,6.6,1
C0083,61.0,67.0,premium,142.12,5,6.8,0
C0084,50.0,24.0,premium,180.62,3,8.0,0
C0085,54.0,100.0,standard,137.85,1,9.3,1
C0086,,96.0,  premium  ,203.66,5,7.5,0
C0087,,118.0,premium,256.13,1,9.9,0
C0088,57.0,78.0,standard,81.9,2,7.5,0
C0089,61.0,17.0,standard,84.89,1,8.1,0
C0090,40.0,60.0,basic,74.05,2,7.5,0
C0091,59.0,54.0,standard,125.55,2,8.4,0
C0092,61.0,101.0,basic,48.75,2,8.1,0
C0093,38.0,47.0,basic,58.24,1,8.5,0
C0094,64.0,40.0,standard,143.71,1,8.6,0
C0095,32.0,10.0,standard,125.37,1,8.7,0
C0096,30.0,100.0,basic,67.6,2,7.8,0
C0097,53.0,90.0,premium,237.06,1,8.5,0
C0098,51.0,5.0,premium,259.05,4,7.0,0
C0099,25.0,52.0,basic,70.45,1,9.2,0
C0100,61.0,58.0,  basic  ,67.77,1,8.7,0
C0101,28.0,56.0,standard,95.5,5,6.2,0
C0102,59.0,110.0,premium,135.66,3,7.2,0
C0103,18.0,18.0,premium,164.92,9,4.7,1
C0104,59.0,37.0,basic,58.53,1,8.3,1
C0105,58.0,22.0,premium,128.88,2,7.7,0
C0106,58.0,30.0,basic,82.75,1,7.9,0
C0107,52.0,108.0,standard,153.29,2,7.9,0
C0108,42.0,112.0,premium,203.33,2,8.2,0
C0109,54.0,6.0,basic,55.52,2,7.8,1
C0110,32.0,76.0,basic,842.61,3,7.2,0
C0111,,28.0,standard,87.47,2,8.1,0
C0112,46.0,23.0,standard,120.51,0,9.0,1
C0113,41.0,35.0,premium,193.56,2,9.1,0
C0114,44.0,24.0,premium,189.34,3,6.9,0
C0115,47.0,59.0,basic,54.36,1,8.8,0
C0116,19.0,119.0,basic,,4,7.5,0
C0117,25.0,70.0,premium,148.63,5,6.3,0
C0118,30.0,87.0,basic,84.43,0,9.5,0
C0119,23.0,59.0,premium,201.52,1,9.2,0
C0120,40.0,2.0,standard,83.5,4,6.8,0
C0121,52.0,11.0,basic,21.36,8,5.2,1
C0122,52.0,32.0,premium,186.35,2,7.3,0
C0123,42.0,29.0,basic,61.2,0,8.8,0
C0124,62.0,101.0,standard,126.84,0,10.0,0
C0125,47.0,101.0,standard,93.56,1,9.3,0
C0126,22.0,102.0,standard,84.3,3,8.1,0
C0127,57.0,76.0,standard,115.17,1,9.3,0
C0128,47.0,67.0,standard,95.79,0,8.6,0
C0129,51.0,78.0,premium,227.61,3,8.2,0
C0130,47.0,49.0,premium,222.54,0,9.8,0
C0131,46.0,80.0,standard,77.09,1,8.6,0
C0132,22.0,95.0,basic,33.89,2,9.4,0
C0133,47.0,91.0,standard,100.19,3,7.9,0
C0134,59.0,74.0,premium,223.67,0,8.6,0
C0135,33.0,7.0,standard,128.69,1,8.6,0
C0136,49.0,87.0,standard,,1,8.6,1
C0137,19.0,44.0,standard,110.89,0,9.7,0
C0138,36.0,89.0,basic,48.43,1,9.1,0
C0139,40.0,65.0,standard,149.81,0,9.1,0
C0140,69.0,105.0,standard,88.03,2,9.0,0
C0141,29.0,41.0,premium,222.05,1,9.2,0
C0142,32.0,111.0,premium,192.97,3,7.7,0
C0143,39.0,101.0,premium,129.02,2,8.5,0
C0144,69.0,40.0,standard,106.65,0,9.4,0
C0145,62.0,58.0,standard,78.21,2,8.0,1
C0146,19.0,64.0,  standard  ,113.68,4,7.0,0
C0147,30.0,92.0,premium,180.61,1,9.1,0
C0148,60.0,83.0,standard,130.16,3,7.3,0
C0149,21.0,102.0,premium,184.83,3,7.1,0
C0150,62.0,45.0,basic,64.14,2,8.2,0
C0151,32.0,61.0,premium,238.62,2,7.6,0
C0152,65.0,52.0,basic,76.9,4,6.7,1
C0153,33.0,109.0,  basic  ,88.17,2,7.7,0
C0154,40.0,37.0,standard,94.49,0,8.5,0
C0155,52.0,70.0,basic,70.33,2,8.4,0
C0156,24.0,15.0,basic,62.92,2,7.9,0
C0157,46.0,102.0,basic,58.32,4,7.2,0
C0158,44.0,46.0,standard,129.34,1,8.2,0
C0159,58.0,41.0,premium,216.31,2,8.0,0
C0160,69.0,70.0,basic,60.55,1,9.0,0
C0161,52.0,60.0,standard,102.26,1,8.7,1
C0162,39.0,101.0,premium,193.96,1,9.4,0
C0163,39.0,64.0,basic,45.39,1,9.2,0
C0164,39.0,62.0,basic,58.35,2,8.1,0
C0165,60.0,13.0,premium,200.01,2,7.4,0
C0166,34.0,3.0,premium,167.48,4,6.7,1
C0167,26.0,48.0,standard,116.52,6,5.9,1
C0168,35.0,119.0,premium,196.2,0,9.4,0
C0169,19.0,110.0,basic,74.96,1,8.6,0
C0170,23.0,75.0,standard,135.4,3,7.8,0
C0171,22.0,76.0,standard,113.52,3,8.7,0
C0172,58.0,47.0,basic,70.09,0,9.0,0
C0173,55.0,22.0,  premium  ,198.08,0,9.3,0
C0174,54.0,2.0,standard,108.46,3,6.8,1
C0175,42.0,41.0,premium,178.74,0,9.9,0
C0176,55.0,38.0,standard,91.52,1,9.0,0
C0177,26.0,23.0,standard,104.07,2,8.3,0
C0178,64.0,31.0,basic,44.17,0,9.7,1
C0179,44.0,3.0,basic,34.19,2,7.7,0
C0180,66.0,73.0,premium,175.42,0,9.4,0
C0181,25.0,111.0,basic,93.87,2,9.1,0
C0182,43.0,83.0,basic,73.1,1,9.1,0
C0183,54.0,54.0,basic,40.86,2,7.3,0
C0184,43.0,51.0,basic,70.7,1,8.9,0
C0185,41.0,37.0,premium,,2,8.0,0
C0186,26.0,17.0,standard,134.08,4,7.2,0
C0187,37.0,72.0,premium,265.35,1,9.1,0
C0188,30.0,68.0,basic,68.65,0,8.6,1
C0189,33.0,1.0,standard,75.35,6,5.8,0
C0190,53.0,50.0,standard,114.88,1,8.8,0
C0191,50.0,34.0,standard,136.85,1,8.8,0
C0192,49.0,21.0,  premium  ,203.14,0,9.5,0
C0193,36.0,84.0,premium,179.68,3,8.5,0
C0194,67.0,63.0,premium,178.72,3,8.0,0
C0195,22.0,76.0,basic,74.91,3,7.7,0
C0196,35.0,85.0,basic,86.7,2,8.8,0
C0197,24.0,117.0,standard,123.58,7,6.6,0
C0198,35.0,96.0,basic,68.06,1,9.3,0
C0199,68.0,74.0,standard,103.78,0,9.5,0
C0200,37.0,105.0,standard,88.95,3,8.0,0
C0201,65.0,57.0,standard,154.15,4,7.2,0
C0202,43.0,118.0,premium,175.54,1,9.2,0
C0203,54.0,91.0,standard,76.09,0,10.0,0
C0204,41.0,78.0,basic,50.5,1,8.5,0
C0205,31.0,108.0,basic,48.11,0,10.0,0
C0206,,62.0,standard,103.95,1,8.7,0
C0207,68.0,86.0,standard,138.1,1,8.3,0
C0208,31.0,34.0,basic,40.87,1,8.5,0
C0209,58.0,115.0,standard,729.29,0,9.4,0
C0210,31.0,75.0,premium,219.88,0,9.8,0
C0211,55.0,94.0,premium,257.33,1,9.1,0
C0212,59.0,55.0,standard,83.55,1,8.3,0
C0213,41.0,104.0,standard,104.92,1,9.6,0
C0214,56.0,9.0,basic,86.01,3,7.8,0
C0215,32.0,14.0,standard,130.31,1,9.2,0
C0216,22.0,61.0,standard,120.54,1,8.8,0
C0217,23.0,88.0,standard,126.31,1,8.9,0
C0218,41.0,97.0,standard,103.45,3,8.1,0
C0219,64.0,53.0,basic,66.21,2,7.9,1
C0220,24.0,78.0,basic,55.28,6,6.1,0
C0221,41.0,66.0,basic,90.62,0,9.3,0
C0222,54.0,115.0,premium,223.66,2,8.0,0
C0223,28.0,78.0,standard,104.97,1,8.9,1
C0224,55.0,50.0,basic,42.86,1,8.5,1
C0225,33.0,116.0,premium,251.57,1,9.1,0
C0226,60.0,13.0,standard,70.88,0,9.2,0
C0227,48.0,118.0,standard,100.03,0,10.0,0
C0228,46.0,19.0,premium,182.29,0,8.9,0
C0229,27.0,35.0,basic,48.21,2,7.9,1
C0230,42.0,98.0,basic,75.41,3,7.5,0
C0231,62.0,88.0,standard,97.64,2,8.0,0
C0232,19.0,116.0,basic,64.09,3,7.7,0
C0233,57.0,90.0,standard,105.3,1,8.8,0
C0234,43.0,76.0,basic,85.96,1,9.1,1
C0235,55.0,42.0,basic,76.41,3,7.7,0
C0236,52.0,1.0,basic,72.57,3,6.9,1
C0237,40.0,15.0,standard,106.89,1,9.0,0
C0238,34.0,36.0,basic,50.19,1,9.0,1
C0239,50.0,5.0,basic,88.92,5,5.9,1
C0240,25.0,61.0,premium,141.37,3,8.3,0
C0241,48.0,93.0,standard,86.4,1,9.0,0
C0242,22.0,115.0,standard,98.65,3,7.9,0
C0243,51.0,59.0,basic,25.82,1,8.9,0
C0244,50.0,105.0,standard,102.67,0,9.5,0
C0245,22.0,118.0,basic,60.26,4,7.6,0
C0246,57.0,103.0,standard,131.47,1,9.0,0
C0247,39.0,56.0,basic,60.81,2,8.0,0
C0248,58.0,39.0,premium,191.18,2,7.4,0
C0249,20.0,117.0,premium,210.66,4,7.7,1
C0250,27.0,29.0,basic,,3,7.3,0
C0251,43.0,49.0,basic,46.61,0,9.6,0
C0252,27.0,9.0,basic,59.44,5,6.5,1
C0253,35.0,95.0,standard,128.45,4,7.1,0
C0254,52.0,78.0,basic,,1,9.2,0
C0255,25.0,11.0,premium,208.9,5,6.5,0
C0256,53.0,27.0,premium,220.19,0,9.4,0
C0257,23.0,67.0,premium,221.7,2,8.3,0
C0258,27.0,65.0,standard,83.32,1,9.4,0
C0259,48.0,96.0,premium,171.48,1,8.8,0
C0260,59.0,32.0,basic,811.51,3,7.4,0
C0261,26.0,111.0,standard,79.83,2,8.0,0
C0262,33.0,53.0,standard,142.81,1,9.0,0
C0263,66.0,98.0,premium,181.72,2,8.3,0
C0264,69.0,29.0,standard,129.71,1,8.4,0
C0265,48.0,5.0,premium,192.67,0,9.0,0
C0266,41.0,7.0,basic,44.25,4,6.9,0
C0267,36.0,45.0,premium,201.79,0,8.9,0
C0268,49.0,114.0,standard,81.41,0,8.7,0
C0269,48.0,6.0,standard,115.97,2,8.1,0
C0270,33.0,44.0,premium,,1,8.0,0
C0271,19.0,14.0,standard,83.96,3,7.8,0
C0272,25.0,111.0,standard,109.98,2,9.1,0
C0273,67.0,81.0,standard,126.19,3,7.7,0
C0274,,91.0,basic,76.93,0,10.0,0
C0275,43.0,85.0,standard,110.42,3,7.8,0
C0276,42.0,79.0,basic,59.66,3,8.4,0
C0277,58.0,93.0,basic,46.89,1,8.7,0
C0278,21.0,1.0,premium,248.06,6,4.9,1
C0279,22.0,103.0,standard,97.03,1,8.9,0
C0280,32.0,89.0,standard,119.75,1,9.6,0
C0281,43.0,88.0,standard,124.21,2,8.6,0
C0282,52.0,47.0,standard,124.11,1,8.5,0
C0283,43.0,96.0,standard,122.92,2,8.5,0
C0284,40.0,46.0,premium,174.79,3,8.1,0
C0285,66.0,6.0,premium,226.13,4,6.9,1
C0286,,109.0,standard,89.7,6,7.3,0
C0287,47.0,28.0,standard,116.61,1,8.4,0
C0288,,13.0,standard,115.03,2,8.4,0
C0289,42.0,75.0,standard,129.71,3,8.0,1
C0290,59.0,28.0,standard,111.67,3,7.2,0
C0291,31.0,103.0,standard,128.52,1,8.8,0
C0292,67.0,53.0,standard,90.23,0,9.7,0
C0293,35.0,1.0,standard,120.82,3,7.4,0
C0294,46.0,114.0,standard,109.33,1,9.2,0
C0295,45.0,62.0,standard,129.83,0,8.7,0
C0296,62.0,32.0,basic,66.8,4,7.2,0
C0297,40.0,81.0,basic,89.54,2,8.4,0
C0298,32.0,64.0,standard,142.17,3,7.6,0
C0299,19.0,4.0,standard,100.95,2,8.1,0
C0300,36.0,91.0,basic,68.63,2,8.2,0
C0301,60.0,48.0,standard,97.97,0,9.0,0
C0302,18.0,84.0,premium,185.57,10,4.0,0
C0303,64.0,107.0,basic,76.28,1,8.8,0
C0304,46.0,73.0,premium,208.12,0,10.0,0
C0305,25.0,80.0,premium,124.0,2,8.8,0
C0306,33.0,31.0,standard,91.1,4,6.6,0
C0307,46.0,29.0,standard,115.24,0,10.0,0
C0308,34.0,50.0,basic,79.64,1,8.5,1
C0309,23.0,102.0,premium,197.34,1,9.1,0
C0310,52.0,63.0,standard,114.79,0,9.7,0
C0311,52.0,42.0,premium,188.48,0,8.6,0
C0312,24.0,93.0,standard,90.91,2,8.3,0
C0313,32.0,102.0,basic,92.63,1,8.7,0
C0314,30.0,108.0,basic,58.32,1,9.1,0
C0315,52.0,36.0,standard,134.89,0,9.3,0
C0316,55.0,85.0,standard,115.27,3,7.7,0
C0317,55.0,71.0,basic,63.68,1,8.8,0
C0318,66.0,54.0,standard,105.17,1,9.1,0
C0319,57.0,48.0,premium,183.24,0,9.5,0
C0320,34.0,14.0,standard,60.67,1,8.5,0
C0321,23.0,33.0,standard,124.61,2,8.1,0
C0322,49.0,66.0,basic,55.02,0,10.0,0
C0323,65.0,106.0,premium,172.56,2,8.6,0
C0324,68.0,104.0,standard,800.96,3,7.7,0
C0325,29.0,23.0,premium,204.7,3,6.9,0
C0326,30.0,81.0,standard,129.41,0,8.8,0
C0327,19.0,11.0,standard,80.3,0,8.9,0
C0328,25.0,81.0,basic,67.34,4,7.2,0
C0329,46.0,41.0,basic,57.0,0,9.0,0
C0330,46.0,54.0,premium,201.49,1,9.0,0
C0331,37.0,86.0,standard,74.21,2,8.1,0
C0332,34.0,51.0,standard,120.24,2,7.8,0
C0333,61.0,97.0,premium,230.63,5,7.1,0
C0334,41.0,64.0,premium,158.37,3,8.4,0
C0335,60.0,119.0,premium,213.2,3,7.7,0
C0336,68.0,76.0,basic,32.0,1,8.9,0
C0337,34.0,36.0,standard,98.03,3,6.8,0
C0338,28.0,93.0,premium,203.2,1,8.5,0
C0339,67.0,49.0,standard,95.54,2,7.9,0
C0340,51.0,64.0,basic,84.45,2,8.7,0
C0341,33.0,17.0,premium,251.92,3,7.3,0
C0342,50.0,15.0,standard,100.25,2,7.6,0
C0343,44.0,69.0,standard,106.07,1,8.8,0
C0344,65.0,23.0,premium,177.69,2,8.2,0
C0345,31.0,119.0,standard,118.34,2,8.2,0
C0346,69.0,102.0,standard,146.0,5,7.6,0
C0347,66.0,84.0,standard,139.26,2,8.2,0
C0348,27.0,88.0,standard,142.53,1,8.9,0
C0349,26.0,71.0,basic,79.22,3,7.5,0
C0350,45.0,8.0,premium,184.25,3,7.7,0
C0351,20.0,47.0,premium,245.33,2,8.8,0
C0352,33.0,60.0,basic,90.83,2,8.9,0
C0353,40.0,109.0,standard,107.07,3,7.6,0
C0354,68.0,27.0,premium,198.38,2,8.6,1
C0355,69.0,60.0,basic,57.63,0,9.5,0
C0356,25.0,41.0,standard,107.78,2,8.5,0
C0357,64.0,16.0,standard,103.45,4,6.8,0
C0358,22.0,13.0,standard,102.63,2,7.9,0
C0359,56.0,44.0,basic,59.85,1,9.0,0
C0360,61.0,10.0,standard,129.25,2,8.3,0
C0361,64.0,8.0,standard,105.36,3,8.0,0
C0362,29.0,42.0,standard,,1,8.7,0
C0363,64.0,25.0,basic,24.62,2,8.0,0
C0364,24.0,67.0,standard,126.46,5,5.6,0
C0365,44.0,3.0,standard,75.2,7,4.5,0
C0366,42.0,36.0,basic,45.77,3,7.4,1
C0367,34.0,54.0,basic,32.82,0,8.8,0
C0368,19.0,115.0,basic,62.84,2,8.8,0
C0369,58.0,76.0,standard,128.0,1,8.3,0
C0370,35.0,105.0,  basic  ,77.88,1,8.8,0
C0371,52.0,41.0,premium,138.81,2,8.1,1
C0372,39.0,54.0,standard,99.95,0,9.8,0
C0373,37.0,51.0,premium,196.78,3,7.5,0
C0374,64.0,106.0,  premium  ,228.94,1,9.3,0
C0375,22.0,115.0,basic,100.93,2,8.6,0
C0376,56.0,115.0,standard,,2,8.8,0
C0377,56.0,90.0,premium,202.2,1,9.4,0
C0378,37.0,60.0,standard,116.49,0,9.3,0
C0379,31.0,65.0,standard,120.34,0,8.6,0
C0380,18.0,117.0,standard,98.52,3,7.8,1
C0381,66.0,34.0,basic,69.52,4,7.0,0
C0382,67.0,42.0,standard,123.98,0,9.3,0
C0383,30.0,107.0,premium,,2,8.3,0
C0384,19.0,46.0,premium,222.43,2,8.7,0
C0385,24.0,28.0,basic,29.83,2,8.0,0
C0386,21.0,67.0,standard,125.73,2,7.9,0
C0387,61.0,39.0,standard,139.88,1,8.5,0
C0388,64.0,107.0,premium,167.65,0,10.0,0
C0389,25.0,109.0,basic,59.53,2,8.7,0
C0390,56.0,37.0,premium,148.89,2,8.7,0
C0391,27.0,64.0,premium,170.91,3,7.4,0
C0392,37.0,118.0,basic,50.39,1,8.8,0
C0393,49.0,89.0,basic,77.37,2,8.1,0
C0394,55.0,26.0,premium,205.46,3,7.7,1
C0395,63.0,71.0,basic,55.31,0,9.3,0
C0396,20.0,74.0,standard,120.7,2,8.1,0
C0397,28.0,78.0,premium,198.63,4,7.2,1
C0398,32.0,3.0,standard,75.99,2,7.6,0
C0399,34.0,36.0,standard,97.59,4,6.9,1
C0400,69.0,102.0,standard,67.46,3,8.3,1
C0401,58.0,29.0,basic,51.95,0,8.5,0
C0402,34.0,36.0,premium,193.68,1,8.9,1
C0403,68.0,39.0,standard,80.23,4,7.5,0
C0404,,22.0,basic,85.76,1,8.5,0
C0405,44.0,19.0,basic,57.67,1,8.3,1
C0406,40.0,42.0,premium,156.73,1,9.2,0
C0407,25.0,105.0,basic,81.93,3,7.5,0
C0408,66.0,1.0,premium,191.3,3,7.5,0
C0409,18.0,34.0,standard,116.92,2,7.7,0
C0410,27.0,8.0,premium,245.36,6,5.1,1
C0411,29.0,67.0,premium,216.53,6,6.1,0
C0412,32.0,30.0,premium,190.29,3,7.1,0
C0413,24.0,95.0,premium,165.53,1,9.1,0
C0414,18.0,70.0,basic,92.68,2,8.7,0
C0415,53.0,94.0,premium,166.33,4,8.2,1
C0416,68.0,76.0,standard,81.93,2,8.3,0
C0417,24.0,53.0,standard,76.48,2,8.6,0
C0418,33.0,103.0,  premium  ,234.53,1,9.3,0
C0419,44.0,57.0,premium,177.3,1,8.7,0
C0420,66.0,114.0,standard,111.18,1,8.3,0
C0421,54.0,119.0,standard,127.37,0,10.0,0
C0422,57.0,71.0,standard,100.2,3,7.3,0
C0423,48.0,81.0,standard,88.4,2,8.9,0
C0424,39.0,31.0,standard,108.27,3,7.7,0
C0425,28.0,97.0,standard,129.0,6,5.8,0
C0426,62.0,80.0,basic,63.1,1,9.0,0
C0427,59.0,108.0,basic,69.05,0,10.0,1
C0428,19.0,32.0,premium,172.32,2,8.8,0
C0429,55.0,94.0,standard,125.65,3,7.6,0
C0430,22.0,56.0,premium,180.1,0,9.1,0
C0431,56.0,23.0,standard,89.91,1,8.6,0
C0432,60.0,21.0,basic,64.17,2,7.9,0
C0433,24.0,67.0,basic,29.7,2,8.7,0
C0434,40.0,39.0,basic,81.2,0,9.5,0
C0435,24.0,13.0,premium,138.86,4,6.3,0
C0436,,51.0,basic,66.42,2,8.3,0
C0437,66.0,78.0,standard,77.73,0,9.3,0
C0438,22.0,38.0,premium,185.77,1,8.8,0
C0439,38.0,114.0,premium,170.62,1,9.3,0
C0440,68.0,93.0,basic,76.68,2,8.8,1
C0441,33.0,62.0,basic,68.18,2,8.6,0
C0442,24.0,112.0,basic,73.91,1,8.7,0
C0443,43.0,52.0,basic,28.71,3,7.6,0
C0444,44.0,17.0,basic,50.03,1,8.4,0
C0445,52.0,5.0,standard,105.49,4,6.2,0
C0446,34.0,112.0,premium,230.84,0,9.7,0
C0447,67.0,115.0,  standard  ,87.0,0,10.0,0
C0448,45.0,88.0,standard,132.18,3,7.1,0
C0449,32.0,13.0,basic,57.77,2,8.0,0
C0450,67.0,35.0,premium,146.54,2,8.2,0
C0451,66.0,5.0,standard,98.97,2,8.0,0
C0452,43.0,7.0,premium,170.55,3,7.1,0
C0453,19.0,30.0,premium,101.76,1,8.2,0
C0454,49.0,69.0,standard,112.95,1,8.2,0
C0455,46.0,8.0,basic,85.21,4,7.4,0
C0456,25.0,118.0,basic,80.72,1,8.6,0
C0457,50.0,55.0,standard,104.17,1,8.5,0
C0458,61.0,32.0,premium,150.07,2,9.1,0
C0459,23.0,62.0,standard,99.31,0,9.0,0
C0460,55.0,95.0,premium,216.25,2,8.7,0
C0461,25.0,38.0,standard,113.22,3,8.0,0
C0462,56.0,6.0,basic,70.01,5,6.7,0
C0463,39.0,7.0,standard,101.03,6,5.2,1
C0464,18.0,102.0,standard,125.32,5,6.5,0
C0465,68.0,14.0,standard,111.35,3,7.5,0
C0466,26.0,76.0,standard,95.28,4,8.0,1
C0467,48.0,46.0,basic,37.69,3,7.3,0
C0468,27.0,93.0,standard,91.75,2,8.2,0
C0469,66.0,8.0,basic,48.11,3,7.6,1
C0470,56.0,107.0,premium,221.23,4,7.7,0
C0471,59.0,84.0,basic,61.3,1,9.1,0
C0472,40.0,54.0,basic,41.94,2,7.8,0
C0473,42.0,25.0,standard,150.76,3,7.3,0
C0474,50.0,117.0,standard,153.47,0,9.7,1
C0475,58.0,36.0,standard,57.36,0,9.7,0
C0476,62.0,59.0,standard,138.66,3,7.5,0
C0477,18.0,47.0,premium,144.51,2,8.3,0
C0478,52.0,28.0,standard,115.86,1,8.2,0
C0479,23.0,50.0,standard,71.33,2,8.9,0
C0480,32.0,19.0,standard,106.17,3,7.5,0
C0481,61.0,1.0,basic,42.89,4,7.2,0
C0482,31.0,35.0,standard,105.65,2,8.1,0
C0483,,14.0,basic,39.03,1,8.6,0
C0484,42.0,50.0,standard,149.64,1,8.1,0
C0485,30.0,103.0,basic,72.92,1,8.1,0
C0486,35.0,20.0,premium,186.36,1,9.2,0
C0487,45.0,1.0,standard,108.68,2,7.9,0
C0488,57.0,14.0,premium,203.43,0,9.3,0
C0489,49.0,61.0,standard,141.43,3,7.2,0
C0490,66.0,33.0,basic,35.92,0,8.8,0
C0491,63.0,59.0,premium,160.13,0,9.9,0
C0492,57.0,4.0,standard,119.74,6,6.4,1
C0493,49.0,40.0,premium,221.07,2,8.0,0
C0494,33.0,49.0,standard,107.03,1,9.0,0
C0495,39.0,52.0,standard,72.93,2,8.2,0
C0496,24.0,66.0,premium,167.52,3,7.8,0
C0497,37.0,93.0,standard,168.12,0,10.0,0
C0498,66.0,56.0,standard,111.19,2,8.0,0
C0499,40.0,101.0,standard,134.71,1,9.5,0
C0500,23.0,64.0,standard,96.85,2,8.4,0
C0501,51.0,31.0,premium,195.23,1,8.7,0
C0502,68.0,28.0,standard,97.41,1,9.1,0
C0503,63.0,39.0,standard,106.6,0,9.3,0
C0504,32.0,72.0,premium,140.57,0,9.5,0
C0505,41.0,29.0,standard,111.27,3,8.0,0
C0506,45.0,109.0,standard,83.88,1,9.5,0
C0507,30.0,58.0,standard,70.38,1,9.2,0
C0508,31.0,103.0,basic,57.33,4,5.8,0
C0509,30.0,82.0,standard,,0,9.6,0
C0510,69.0,40.0,basic,72.98,0,9.3,0
C0511,56.0,28.0,basic,66.42,3,7.5,1
C0512,61.0,89.0,standard,88.07,3,8.0,0
C0513,,40.0,standard,137.18,0,9.3,0
C0514,67.0,30.0,premium,193.51,0,9.6,0
C0515,23.0,111.0,basic,70.49,3,7.8,0
C0516,63.0,58.0,basic,46.27,1,9.3,0
C0517,21.0,6.0,premium,195.33,6,6.2,0
C0518,42.0,59.0,basic,71.87,0,9.5,1
C0519,48.0,55.0,basic,54.45,2,8.4,0
C0520,36.0,103.0,basic,65.06,0,10.0,0
C0521,25.0,85.0,standard,59.15,1,9.3,0
C0522,27.0,23.0,premium,195.6,1,8.7,0
C0523,60.0,18.0,premium,214.0,0,9.6,0
C0524,34.0,72.0,standard,99.59,3,7.8,0
C0525,34.0,6.0,basic,65.7,5,7.0,0
C0526,66.0,38.0,standard,117.25,1,9.1,0
C0527,25.0,17.0,standard,121.8,2,7.7,0
C0528,65.0,3.0,basic,72.99,4,7.7,0
C0529,65.0,110.0,basic,77.83,2,7.6,0
C0530,49.0,11.0,standard,130.97,6,6.0,1
C0531,26.0,2.0,basic,99.75,5,6.0,0
C0532,26.0,112.0,standard,112.39,0,10.0,0
C0533,32.0,23.0,standard,94.83,0,9.2,0
C0534,48.0,98.0,basic,55.33,1,8.6,1
C0535,25.0,4.0,standard,73.71,4,6.7,0
C0536,41.0,19.0,premium,137.8,1,8.4,0
C0537,24.0,14.0,standard,94.05,4,6.7,0
C0538,46.0,85.0,premium,792.27,0,9.4,0
C0539,19.0,74.0,standard,145.98,2,8.0,0
C0540,54.0,57.0,premium,257.03,1,9.0,0
C0541,20.0,29.0,basic,45.47,2,8.2,0
C0542,28.0,11.0,standard,128.87,4,6.5,1
C0543,27.0,68.0,basic,74.41,2,7.6,0
C0544,61.0,28.0,standard,107.74,2,8.2,1
C0545,20.0,71.0,standard,99.15,2,8.5,0
C0546,40.0,82.0,basic,59.37,1,9.2,0
C0547,48.0,102.0,premium,212.21,4,7.7,0
C0548,44.0,59.0,standard,76.2,0,9.9,0
C0549,53.0,1.0,basic,45.35,3,7.8,1
C0550,59.0,34.0,basic,73.86,0,10.0,0
C0551,38.0,102.0,standard,104.1,2,9.7,0
C0552,61.0,64.0,standard,104.77,0,8.6,0
C0553,34.0,74.0,standard,121.96,0,8.5,0
C0554,69.0,55.0,basic,75.27,2,8.2,1
C0555,44.0,20.0,premium,168.5,2,8.4,1
C0556,56.0,107.0,premium,244.81,1,9.1,0
C0557,63.0,92.0,standard,83.67,1,9.2,0
C0558,59.0,119.0,standard,130.31,2,8.4,0
C0559,62.0,102.0,premium,192.5,3,7.7,0
C0560,45.0,35.0,premium,162.78,1,8.6,0
C0561,20.0,31.0,standard,113.59,2,8.0,0
C0562,43.0,30.0,premium,241.12,0,9.6,0
C0563,27.0,110.0,premium,218.64,2,8.4,0
C0564,64.0,67.0,premium,127.23,3,7.7,0
C0565,30.0,55.0,standard,99.17,2,8.4,0
C0566,29.0,116.0,basic,80.8,5,6.8,0
C0567,30.0,72.0,basic,53.95,2,8.7,1
C0568,51.0,109.0,  standard  ,90.52,2,8.1,0
C0569,47.0,118.0,standard,94.86,4,6.9,0
C0570,67.0,10.0,standard,118.53,2,8.1,0
C0571,39.0,44.0,standard,117.79,3,7.7,0
C0572,32.0,88.0,standard,86.79,2,8.0,0
C0573,20.0,97.0,premium,222.42,0,10.0,0
C0574,18.0,18.0,basic,850.64,1,9.3,0
C0575,37.0,38.0,basic,66.23,0,8.9,0
C0576,66.0,66.0,  premium  ,210.69,0,10.0,0
C0577,45.0,96.0,premium,199.01,1,8.1,0
C0578,64.0,14.0,premium,187.79,2,8.6,0
C0579,23.0,72.0,premium,187.4,0,9.2,0
C0580,22.0,36.0,premium,204.36,1,9.2,0
C0581,61.0,26.0,standard,113.08,1,8.2,1
C0582,23.0,62.0,  standard  ,79.02,2,8.2,0
C0583,20.0,50.0,basic,50.35,3,7.3,0
C0584,39.0,76.0,standard,81.17,2,8.2,0
C0585,66.0,38.0,premium,200.52,3,8.4,0
C0586,53.0,98.0,standard,123.1,1,8.9,0
C0587,23.0,10.0,standard,104.2,2,8.8,0
C0588,61.0,103.0,basic,41.44,0,9.4,0
C0589,61.0,4.0,basic,63.32,5,6.9,1
C0590,59.0,88.0,basic,83.11,0,8.8,0
C0591,64.0,42.0,basic,37.03,2,8.0,0
C0592,30.0,46.0,premium,256.29,4,7.0,0
C0593,68.0,3.0,standard,88.54,1,9.1,0
C0594,34.0,84.0,premium,195.53,1,9.1,0
C0595,59.0,20.0,standard,94.85,1,7.7,0
C0596,48.0,79.0,basic,53.21,5,6.1,0
C0597,58.0,87.0,basic,61.24,1,8.5,0
C0598,50.0,101.0,premium,123.85,2,8.9,0
C0599,51.0,85.0,basic,90.7,0,9.7,0
C0600,50.0,36.0,premium,174.78,1,8.7,0
C0601,58.0,88.0,basic,73.95,1,8.7,1
C0602,56.0,99.0,standard,125.61,2,8.7,0
C0603,24.0,38.0,premium,222.05,1,8.3,0
C0604,60.0,15.0,basic,24.6,3,7.6,1
C0605,45.0,106.0,basic,94.27,5,6.9,0
C0606,34.0,18.0,premium,208.54,2,8.0,0
C0607,44.0,71.0,basic,73.2,6,6.2,0
C0608,68.0,29.0,standard,87.02,0,9.2,0
C0609,62.0,15.0,standard,,2,8.2,1
C0610,61.0,93.0,basic,73.59,2,7.8,0
C0611,42.0,18.0,premium,201.72,2,8.4,0
C0612,58.0,80.0,premium,191.14,3,8.3,0
C0613,38.0,83.0,standard,119.03,1,9.0,0
C0614,53.0,8.0,premium,197.05,3,7.8,1
C0615,51.0,21.0,basic,64.75,1,8.5,0
C0616,30.0,95.0,basic,88.17,2,8.7,0
C0617,31.0,61.0,standard,99.32,4,7.1,0
C0618,21.0,15.0,premium,193.59,0,8.8,0
C0619,25.0,119.0,basic,96.92,2,8.8,0
C0620,40.0,32.0,basic,63.65,3,6.9,0
C0621,42.0,1.0,standard,110.97,2,8.0,0
C0622,26.0,110.0,premium,160.21,2,8.4,0
C0623,39.0,2.0,basic,39.64,2,7.7,0
C0624,,66.0,standard,91.83,0,9.4,0
C0625,30.0,119.0,standard,131.78,1,8.8,0
C0626,35.0,69.0,standard,154.69,2,8.4,0
C0627,37.0,70.0,basic,81.08,1,8.8,0
C0628,44.0,47.0,basic,69.7,0,9.0,0
C0629,37.0,16.0,standard,102.68,3,8.0,0
C0630,56.0,69.0,standard,150.92,3,7.8,0
C0631,35.0,107.0,premium,190.33,1,9.4,0
C0632,40.0,11.0,standard,113.28,2,8.5,0
C0633,37.0,105.0,standard,95.37,3,8.4,0
C0634,27.0,50.0,premium,195.1,3,8.0,0
C0635,53.0,64.0,standard,107.73,1,8.6,0
C0636,30.0,20.0,standard,131.17,6,5.2,1
C0637,33.0,74.0,premium,212.77,0,9.6,0
C0638,59.0,22.0,basic,57.31,3,7.9,0
C0639,67.0,33.0,standard,101.24,1,8.8,1
C0640,52.0,86.0,premium,169.36,1,7.7,0
C0641,65.0,7.0,basic,48.61,3,7.7,0
C0642,62.0,54.0,standard,88.22,1,9.1,0
C0643,43.0,71.0,basic,84.55,1,8.7,0
C0644,58.0,16.0,basic,82.04,1,8.9,0
C0645,35.0,36.0,standard,140.8,2,8.3,1
C0646,41.0,41.0,basic,74.25,1,8.4,1
C0647,45.0,79.0,premium,193.65,0,10.0,0
C0648,67.0,117.0,premium,204.67,1,8.7,0
C0649,62.0,100.0,premium,227.09,3,8.0,0
C0650,43.0,23.0,basic,48.13,1,8.5,0
C0651,51.0,3.0,basic,37.35,3,7.0,0
C0652,28.0,7.0,  basic  ,76.35,8,4.8,0
C0653,59.0,71.0,basic,49.14,0,9.9,0
C0654,46.0,19.0,premium,147.16,1,9.2,0
C0655,45.0,28.0,standard,125.64,2,8.3,1
C0656,57.0,101.0,basic,90.67,0,8.8,0
C0657,50.0,104.0,premium,168.19,1,8.6,0
C0658,21.0,100.0,  standard  ,708.64,1,9.0,0
C0659,32.0,31.0,basic,58.36,2,8.0,0
C0660,27.0,74.0,basic,85.3,2,8.1,0
C0661,56.0,73.0,standard,131.96,2,9.0,0
C0662,19.0,23.0,premium,209.78,0,9.3,0
C0663,28.0,66.0,basic,104.6,3,7.9,0
C0664,49.0,63.0,premium,242.39,4,7.7,0
C0665,54.0,48.0,premium,190.86,1,8.9,0
C0666,44.0,90.0,premium,172.75,2,9.5,0
C0667,62.0,81.0,basic,72.85,4,6.8,0
C0668,65.0,64.0,basic,58.89,0,9.1,0
C0669,24.0,87.0,premium,169.56,2,8.1,0
C0670,67.0,91.0,standard,164.2,2,9.0,0
C0671,49.0,68.0,standard,113.52,1,9.1,0
C0672,51.0,32.0,premium,184.13,0,9.1,1
C0673,22.0,91.0,basic,62.74,3,7.5,0
C0674,50.0,86.0,premium,208.75,0,10.0,0
C0675,55.0,118.0,premium,177.62,0,9.9,0
C0676,,18.0,standard,141.27,0,9.7,0
C0677,22.0,50.0,standard,65.53,3,7.6,0
C0678,45.0,110.0,premium,203.41,1,9.4,0
C0679,66.0,62.0,standard,104.3,2,8.3,0
C0680,55.0,113.0,standard,64.93,1,8.8,0
C0681,,2.0,premium,174.84,5,6.4,0
C0682,67.0,5.0,standard,138.87,1,8.0,0
C0683,67.0,95.0,basic,63.54,2,8.6,1
C0684,26.0,43.0,basic,57.19,4,7.3,1
C0685,59.0,62.0,basic,81.49,1,9.2,0
C0686,39.0,51.0,standard,121.11,1,9.0,0
C0687,48.0,49.0,standard,111.29,0,9.2,0
C0688,41.0,112.0,standard,118.67,2,9.1,1
C0689,58.0,12.0,standard,107.33,0,9.4,0
C0690,69.0,92.0,premium,167.03,2,9.1,1
C0691,,106.0,premium,686.85,1,9.7,0
C0692,66.0,79.0,basic,45.02,0,9.3,0
C0693,67.0,48.0,standard,117.47,2,8.3,0
C0694,22.0,20.0,standard,104.0,2,8.3,0
C0695,31.0,82.0,standard,142.86,3,7.3,0
C0696,55.0,56.0,basic,62.63,2,7.7,0
C0697,48.0,18.0,premium,228.64,2,7.6,0
C0698,20.0,43.0,premium,166.63,1,8.8,0
C0699,22.0,115.0,standard,121.48,2,8.3,0
C0700,45.0,32.0,premium,164.73,2,7.6,0
C0701,50.0,22.0,premium,171.32,2,8.2,0
C0702,26.0,82.0,standard,145.32,5,6.6,0
C0703,26.0,24.0,standard,84.96,3,7.9,0
C0704,24.0,110.0,standard,115.64,2,9.3,0
C0705,47.0,103.0,premium,166.52,1,9.3,0
C0706,18.0,118.0,basic,66.94,2,8.2,0
C0707,47.0,109.0,standard,102.51,1,9.3,0
C0708,42.0,30.0,premium,143.78,3,7.7,0
C0709,42.0,26.0,basic,106.11,1,8.5,0
C0710,53.0,41.0,premium,187.78,1,8.5,0
C0711,45.0,56.0,standard,748.68,1,8.5,0
C0712,55.0,105.0,premium,183.23,2,8.5,0
C0713,57.0,88.0,premium,184.03,0,9.9,0
C0714,65.0,77.0,standard,117.67,2,8.5,0
C0715,59.0,105.0,premium,725.04,0,10.0,0
C0716,44.0,77.0,standard,124.1,0,9.7,0
C0717,43.0,46.0,standard,117.42,2,8.3,0
C0718,30.0,50.0,standard,64.61,0,9.1,0
C0719,49.0,62.0,premium,177.35,1,8.5,0
C0720,25.0,11.0,basic,71.12,2,7.7,0
C0721,66.0,89.0,basic,55.49,4,7.0,0
C0722,61.0,78.0,standard,125.88,0,8.4,0
C0723,24.0,88.0,standard,99.67,2,7.9,1
C0724,58.0,64.0,standard,118.16,1,9.4,0
C0725,24.0,94.0,basic,85.75,3,8.0,0
C0726,55.0,114.0,  standard  ,144.55,4,7.2,0
C0727,22.0,68.0,premium,214.64,1,9.1,0
C0728,43.0,53.0,basic,43.61,2,7.4,0
C0729,52.0,13.0,standard,70.7,0,9.2,0
C0730,55.0,93.0,premium,178.62,2,9.0,0
C0731,39.0,108.0,basic,64.69,4,7.3,0
C0732,65.0,84.0,  standard  ,132.85,3,7.1,0
C0733,58.0,104.0,basic,71.19,1,8.8,0
C0734,28.0,103.0,premium,126.73,10,4.7,1
C0735,52.0,95.0,standard,144.45,3,7.9,0
C0736,55.0,60.0,premium,153.08,3,7.2,0
C0737,35.0,12.0,basic,57.8,0,10.0,0
C0738,56.0,1.0,standard,88.05,5,5.8,0
C0739,64.0,25.0,premium,231.71,1,8.6,0
C0740,60.0,52.0,basic,88.98,1,8.3,0
C0741,57.0,89.0,basic,79.45,0,9.0,0
C0742,50.0,55.0,basic,56.55,1,8.5,0
C0743,32.0,3.0,premium,186.06,2,8.3,0
C0744,59.0,26.0,standard,60.27,1,9.1,0
C0745,36.0,117.0,standard,110.95,1,8.9,0
C0746,45.0,118.0,standard,108.49,2,8.1,0
C0747,34.0,45.0,standard,96.84,1,8.9,0
C0748,34.0,96.0,standard,96.68,2,8.6,0
C0749,26.0,86.0,standard,111.34,5,6.8,0
C0750,67.0,111.0,standard,111.62,2,8.6,0
C0751,25.0,106.0,basic,84.82,1,8.9,0
C0752,22.0,75.0,premium,107.92,3,7.9,0
C0753,66.0,47.0,premium,196.66,1,8.8,0
C0754,46.0,75.0,standard,95.92,1,9.3,0
C0755,40.0,38.0,standard,122.87,3,8.4,1
C0756,56.0,42.0,basic,20.56,0,9.3,0
C0757,37.0,73.0,premium,190.79,1,9.0,0
C0758,24.0,68.0,premium,180.07,1,9.0,0
C0759,55.0,70.0,premium,169.5,6,5.9,0
C0760,27.0,46.0,standard,86.17,4,7.3,0
C0761,46.0,49.0,basic,74.13,6,6.1,0
C0762,67.0,2.0,basic,45.26,4,6.6,0
C0763,66.0,72.0,basic,78.75,1,9.2,0
C0764,36.0,69.0,basic,70.74,1,8.8,0
C0765,58.0,112.0,basic,29.46,3,7.5,1
C0766,49.0,61.0,premium,234.36,0,9.6,0
C0767,42.0,56.0,basic,61.46,4,7.2,0
C0768,25.0,9.0,basic,82.58,8,5.0,0
C0769,37.0,24.0,premium,166.98,0,9.6,0
C0770,,41.0,standard,134.86,1,8.6,0
C0771,69.0,45.0,premium,141.42,2,8.1,0
C0772,18.0,44.0,standard,112.76,1,8.7,0
C0773,,47.0,premium,252.64,2,8.4,0
C0774,62.0,92.0,  standard  ,103.18,1,9.1,0
C0775,67.0,16.0,  standard  ,65.73,3,7.6,1
C0776,40.0,40.0,standard,119.39,1,8.6,0
C0777,24.0,20.0,standard,173.13,1,8.9,0
C0778,,37.0,standard,97.59,0,8.9,0
C0779,62.0,82.0,standard,108.39,2,9.3,0
C0780,63.0,6.0,basic,37.12,2,8.2,0
C0781,51.0,41.0,premium,161.36,1,8.4,0
C0782,24.0,3.0,basic,75.49,6,5.8,0
C0783,24.0,114.0,  basic  ,63.75,1,9.3,0
C0784,42.0,87.0,basic,76.6,4,7.1,0
C0785,48.0,29.0,premium,165.72,5,5.9,0
C0786,19.0,24.0,standard,99.2,2,7.6,0
C0787,53.0,12.0,standard,73.18,2,8.2,0
C0788,46.0,57.0,  premium  ,140.43,3,7.1,1
C0789,18.0,90.0,basic,68.73,2,7.8,0
C0790,22.0,70.0,premium,232.31,2,8.6,0
C0791,41.0,105.0,standard,61.71,2,8.3,0
C0792,55.0,41.0,basic,26.7,1,8.4,0
C0793,60.0,34.0,standard,82.39,2,7.9,0
C0794,40.0,57.0,premium,208.38,3,7.2,0
C0795,33.0,25.0,basic,75.03,1,8.8,1
C0796,68.0,117.0,standard,105.36,1,8.7,0
C0797,41.0,23.0,basic,76.65,2,7.8,0
C0798,34.0,57.0,standard,133.83,1,8.9,0
C0799,41.0,63.0,standard,94.67,1,8.7,0
C0800,,7.0,standard,93.33,7,4.9,0
C0801,33.0,56.0,standard,94.6,1,7.9,0
C0802,44.0,55.0,basic,72.87,2,8.3,0
C0803,65.0,31.0,standard,115.07,0,9.2,0
C0804,56.0,16.0,standard,32.2,0,8.9,0
C0805,58.0,6.0,standard,115.99,5,5.9,1
C0806,46.0,2.0,basic,103.78,2,7.9,0
C0807,23.0,58.0,standard,107.41,3,7.8,0
C0808,38.0,11.0,  standard  ,,2,8.0,1
C0809,69.0,115.0,basic,84.11,0,10.0,0
C0810,20.0,30.0,basic,65.63,3,7.8,0
C0811,63.0,78.0,standard,123.45,2,8.2,0
C0812,53.0,81.0,standard,135.65,2,8.6,0
C0813,32.0,59.0,basic,38.92,2,8.2,0
C0814,58.0,106.0,premium,217.95,2,8.6,0
C0815,61.0,14.0,standard,105.01,4,7.4,0
C0816,20.0,28.0,premium,206.68,3,7.3,1
C0817,23.0,31.0,standard,111.77,6,5.9,0
C0818,52.0,17.0,standard,124.17,1,9.0,0
C0819,69.0,36.0,standard,151.73,1,8.8,0
C0820,19.0,38.0,premium,267.01,2,8.1,0
C0821,52.0,92.0,standard,94.64,0,8.8,0
C0822,25.0,36.0,standard,115.44,1,7.7,0
C0823,51.0,105.0,standard,,2,9.3,0
C0824,50.0,92.0,standard,67.89,4,7.4,0
C0825,22.0,108.0,basic,60.6,1,8.8,0
C0826,53.0,13.0,standard,49.22,1,8.7,0
C0827,64.0,118.0,standard,84.13,1,8.7,0
C0828,62.0,74.0,premium,216.13,2,8.3,0
C0829,19.0,117.0,standard,150.69,1,8.7,0
C0830,30.0,43.0,standard,98.8,3,7.0,0
C0831,30.0,114.0,premium,200.05,1,8.3,0
C0832,41.0,71.0,standard,100.68,3,7.1,0
C0833,25.0,9.0,basic,78.57,8,5.1,1
C0834,62.0,49.0,basic,83.61,2,7.8,0
C0835,58.0,17.0,basic,42.52,2,8.2,0
C0836,60.0,113.0,basic,22.87,2,8.8,0
C0837,28.0,37.0,standard,92.74,2,8.1,0
C0838,18.0,27.0,premium,179.16,6,5.9,0
C0839,65.0,66.0,standard,68.84,1,8.8,0
C0840,33.0,51.0,basic,52.14,0,9.1,0
C0841,52.0,12.0,standard,91.05,2,8.4,0
C0842,65.0,98.0,basic,82.1,1,9.7,1
C0843,19.0,101.0,premium,202.18,3,8.6,0
C0844,18.0,89.0,basic,63.93,5,5.8,0
C0845,18.0,74.0,standard,98.25,2,8.1,0
C0846,26.0,48.0,standard,77.13,0,9.2,0
C0847,20.0,65.0,standard,110.79,3,7.9,0
C0848,60.0,62.0,standard,125.02,2,7.5,1
C0849,49.0,20.0,  premium  ,153.75,2,7.5,0
C0850,,10.0,basic,32.56,3,7.9,0
C0851,59.0,31.0,premium,226.08,1,8.5,0
C0852,68.0,55.0,standard,108.62,2,7.6,0
C0853,30.0,20.0,premium,185.25,0,8.8,0
C0854,32.0,13.0,premium,130.25,3,7.7,0
C0855,62.0,102.0,premium,192.75,3,7.7,0
C0856,30.0,45.0,basic,59.54,0,9.3,0
C0857,20.0,70.0,basic,69.29,5,6.2,0
C0858,52.0,63.0,basic,71.18,0,8.6,0
C0859,59.0,88.0,basic,76.43,0,10.0,1
C0860,68.0,89.0,standard,92.45,1,9.1,1
C0861,66.0,36.0,premium,143.39,1,8.6,0
C0862,24.0,101.0,premium,213.44,4,7.2,1
C0863,58.0,45.0,standard,141.26,1,9.3,0
C0864,61.0,100.0,standard,110.02,2,8.6,0
C0865,54.0,49.0,premium,136.13,0,9.9,0
C0866,60.0,14.0,premium,177.44,5,6.2,0
C0867,61.0,91.0,basic,89.98,2,8.4,0
C0868,41.0,4.0,standard,94.25,3,7.5,0
C0869,20.0,92.0,premium,172.97,4,7.2,0
C0870,41.0,6.0,standard,100.72,3,7.3,0
C0871,28.0,25.0,standard,129.89,2,7.8,0
C0872,23.0,72.0,premium,272.09,3,8.0,0
C0873,24.0,113.0,premium,140.4,3,7.5,1
C0874,,49.0,premium,255.61,0,9.6,0
C0875,44.0,15.0,premium,143.34,2,8.2,0
C0876,46.0,28.0,basic,31.41,1,8.5,0
C0877,56.0,107.0,standard,111.95,2,8.6,0
C0878,46.0,87.0,standard,87.36,2,8.2,0
C0879,50.0,12.0,standard,128.39,1,8.2,0
C0880,22.0,46.0,standard,,4,7.2,0
C0881,62.0,32.0,standard,124.86,0,9.4,0
C0882,41.0,22.0,standard,92.31,2,7.8,0
C0883,26.0,101.0,standard,106.01,2,8.2,0
C0884,60.0,74.0,standard,91.67,3,7.6,0
C0885,56.0,22.0,standard,69.29,1,8.3,0
C0886,20.0,78.0,basic,46.99,4,7.8,0
C0887,28.0,50.0,basic,38.15,2,8.3,0
C0888,18.0,8.0,premium,207.76,4,7.0,0
C0889,32.0,54.0,standard,122.92,2,7.8,0
C0890,23.0,23.0,basic,78.25,3,7.8,0
C0891,54.0,30.0,premium,176.37,0,9.1,0
C0892,45.0,105.0,standard,182.49,1,8.7,0
C0893,68.0,85.0,basic,60.35,1,9.2,0
C0894,56.0,16.0,standard,85.43,2,8.1,0
C0895,49.0,102.0,  basic  ,73.13,2,7.4,0
C0896,44.0,69.0,standard,104.59,2,8.2,0
C0897,20.0,105.0,basic,105.28,5,6.8,0
C0898,21.0,89.0,basic,25.24,0,9.3,0
C0899,50.0,41.0,basic,48.23,0,9.3,0
C0900,18.0,64.0,standard,67.88,3,6.9,0
C0901,20.0,64.0,basic,48.88,4,6.0,0
C0902,29.0,86.0,premium,194.41,2,8.1,0
C0903,63.0,30.0,basic,62.21,0,9.3,0
C0904,41.0,40.0,standard,126.09,2,6.8,0
C0905,54.0,30.0,standard,91.48,2,7.7,0
C0906,39.0,36.0,standard,130.88,2,7.3,0
C0907,27.0,20.0,basic,57.15,3,7.4,0
C0908,37.0,5.0,premium,,3,8.3,0
C0909,22.0,112.0,premium,155.46,5,6.9,0
C0910,58.0,9.0,basic,40.94,3,7.4,0
C0911,27.0,106.0,basic,52.0,3,8.2,0
C0912,37.0,1.0,premium,239.25,2,8.1,0
C0913,68.0,93.0,standard,122.63,2,8.3,0
C0914,48.0,40.0,basic,81.66,1,9.0,0
C0915,41.0,62.0,basic,46.77,1,8.9,1
C0916,46.0,34.0,  standard  ,108.24,3,7.6,0
C0917,58.0,59.0,standard,99.41,2,8.1,0
C0918,31.0,54.0,  standard  ,82.79,4,6.9,1
C0919,51.0,64.0,premium,178.78,4,7.6,0
C0920,63.0,47.0,standard,125.06,1,8.6,0
C0921,47.0,64.0,standard,80.58,0,9.8,0
C0922,41.0,99.0,standard,112.4,4,6.9,0
C0923,25.0,52.0,standard,93.33,3,8.2,0
C0924,30.0,44.0,basic,55.64,2,8.3,0
C0925,67.0,16.0,  basic  ,60.22,1,8.1,0
C0926,46.0,43.0,standard,129.93,2,8.3,0
C0927,33.0,15.0,standard,107.86,0,8.8,0
C0928,39.0,22.0,basic,53.0,4,6.9,1
C0929,48.0,114.0,standard,107.08,2,8.3,0
C0930,45.0,11.0,  standard  ,118.05,2,7.9,0
C0931,54.0,58.0,standard,91.37,2,8.6,0
C0932,31.0,100.0,premium,216.6,2,8.8,0
C0933,51.0,114.0,premium,191.43,2,8.2,0
C0934,41.0,18.0,standard,85.4,0,8.7,0
C0935,66.0,20.0,basic,74.2,1,8.7,0
C0936,26.0,45.0,standard,94.46,2,8.3,0
C0937,25.0,66.0,standard,81.51,7,5.2,0
C0938,42.0,115.0,basic,68.86,3,8.6,0
C0939,44.0,25.0,basic,45.59,1,8.9,1
C0940,53.0,20.0,basic,54.0,1,8.3,0
C0941,39.0,31.0,standard,82.31,2,7.8,0
C0942,65.0,105.0,standard,165.79,0,9.4,0
C0943,,4.0,basic,,2,7.8,1
C0944,24.0,46.0,premium,214.6,2,8.8,0
C0945,24.0,15.0,premium,165.59,3,8.0,0
C0946,68.0,19.0,basic,55.17,0,9.1,0
C0947,24.0,110.0,premium,222.88,7,6.1,0
C0948,67.0,1.0,basic,59.22,3,7.7,0
C0949,32.0,39.0,premium,189.83,3,7.7,0
C0950,22.0,109.0,premium,192.58,2,8.8,0
C0951,33.0,73.0,basic,76.5,2,8.5,0
C0952,49.0,9.0,premium,173.08,3,7.7,0
C0953,40.0,56.0,premium,158.25,1,8.6,0
C0954,58.0,116.0,premium,224.6,2,8.4,0
C0955,49.0,48.0,premium,187.75,1,8.7,0
C0956,38.0,63.0,standard,158.42,3,7.4,1
C0957,,64.0,basic,74.16,2,7.6,0
C0958,68.0,79.0,premium,121.37,2,8.7,0
C0959,39.0,23.0,standard,63.44,1,8.7,1
C0960,25.0,100.0,standard,110.86,3,7.3,0
C0961,39.0,118.0,standard,109.13,1,8.9,0
C0962,61.0,17.0,standard,,4,6.8,1
C0963,29.0,98.0,basic,76.09,2,8.5,0
C0964,67.0,98.0,standard,117.31,0,9.1,0
C0965,48.0,89.0,basic,58.73,2,7.8,0
C0966,49.0,45.0,standard,116.42,0,9.4,0
C0967,34.0,56.0,premium,175.98,1,8.3,0
C0968,65.0,100.0,standard,113.88,1,8.9,0
C0969,19.0,19.0,standard,90.05,1,8.4,0
C0970,33.0,99.0,standard,120.67,2,8.3,0
C0971,39.0,110.0,premium,216.85,2,8.7,0
C0972,,82.0,standard,90.86,3,8.4,0
C0973,42.0,41.0,standard,82.4,3,6.9,0
C0974,25.0,67.0,basic,81.01,5,6.9,0
C0975,29.0,6.0,basic,71.3,3,6.4,0
C0976,22.0,111.0,standard,122.18,1,9.6,0
C0977,47.0,41.0,premium,218.07,1,8.0,0
C0978,36.0,7.0,standard,122.67,5,7.3,0
C0979,47.0,95.0,basic,45.35,4,7.1,0
C0980,48.0,79.0,premium,96.16,0,10.0,0
C0981,54.0,75.0,standard,122.23,1,9.3,1
C0982,46.0,7.0,premium,231.17,2,7.9,0
C0983,51.0,90.0,basic,79.29,1,8.8,0
C0984,48.0,76.0,standard,145.3,1,8.5,0
C0985,51.0,95.0,premium,222.86,2,8.8,0
C0986,50.0,99.0,basic,44.82,1,8.8,0
C0987,34.0,26.0,standard,93.15,2,7.7,0
C0988,30.0,26.0,premium,146.69,2,8.4,0
C0989,58.0,110.0,basic,78.69,3,7.5,0
C0990,35.0,64.0,basic,73.17,1,8.6,0
C0991,46.0,53.0,standard,141.27,0,9.3,0
C0992,28.0,35.0,standard,56.13,3,7.3,1
C0993,40.0,77.0,basic,74.82,1,8.6,0
C0994,45.0,90.0,standard,142.62,1,9.5,0
C0995,50.0,1.0,premium,122.3,1,8.5,0
C0996,45.0,66.0,basic,57.83,0,9.2,0
C0997,36.0,119.0,standard,95.59,2,8.4,0
C0998,68.0,34.0,premium,113.07,0,9.5,0
C0999,44.0,34.0,standard,102.74,3,7.1,0
